﻿{"geoData" : {
	"1":[116.414996,40.078708],
	"2":[116.410365,40.065837],
	"3":[116.414449,40.070825],
	"4":[116.413261,40.065607],
	"5":[116.416430,40.036662],
	"6":[116.417268,40.023620],
	"7":[116.417677,40.019424],
	"8":[116.416423,40.009583],
	"9":[116.416455,39.995129],
	"10":[116.417818,39.974352],
	"11":[116.471118,39.905799],
	"12":[116.417636,39.981622],
	"13":[116.417636,39.981622],
	"14":[116.417636,39.981622],
	"15":[116.417026,39.993351],
	"16":[116.416697,39.995377],
	"17":[116.416899,40.014953],
	"18":[116.415639,40.038672],
	"19":[116.416222,40.076026]
},

"markLineData" : [
	[{"name":"1"},{"name":"2"}],
	[{"name":"2"},{"name":"3"}],
	[{"name":"3"},{"name":"4"}],
	[{"name":"4"},{"name":"5"}],
	[{"name":"5"},{"name":"6"}],
	[{"name":"6"},{"name":"7"}],
	[{"name":"7"},{"name":"8"}],
	[{"name":"8"},{"name":"9"}],
	[{"name":"9"},{"name":"10"}],
	[{"name":"10"},{"name":"11"}],
	[{"name":"11"},{"name":"12"}],
	[{"name":"12"},{"name":"13"}],
	[{"name":"13"},{"name":"14"}],
	[{"name":"14"},{"name":"15"}],
	[{"name":"15"},{"name":"16"}],
	[{"name":"16"},{"name":"17"}],
	[{"name":"17"},{"name":"18"}],
	[{"name":"18"},{"name":"19"}]
],

"markPointData" : [
	{"name":"2","other":"075219"},
	{"name":"3","other":"075231"},
	{"name":"4","other":"075304"},
	{"name":"5","other":"075911"},
	{"name":"6","other":"080142"},
	{"name":"7","other":"080202"},
	{"name":"8","other":"080243"},
	{"name":"9","other":"080607"},
	{"name":"10","other":"081005"},
	{"name":"12","other":"190933"},
	{"name":"13","other":"190935"},
	{"name":"14","other":"190937"},
	{"name":"15","other":"191032"},
	{"name":"16","other":"191154"},
	{"name":"17","other":"191442"},
	{"name":"18","other":"191815"}
],

"markPointData2" : [
	{"name":"1","other":"013240-071447"},
	{"name":"11","other":"101439-182314"},
	{"name":"19","other":"192427-230540"}
],

"count_legend_data" : ["0","1","2","3","4","5","6","7","8","9",">=10"],

"count_data" : [
                {"value":2072, "name":"0"},
                {"value":2289714, "name":"1"},
                {"value":1410420, "name":"2"},
                {"value":2369898, "name":"3"},
                {"value":1190489, "name":"4"},
                {"value":583681, "name":"5"},
                {"value":229169, "name":"6"},
                {"value":83734, "name":"7"},
                {"value":27768, "name":"8"},
                {"value":8835, "name":"9"},
                {"value":4297, "name":">=10"}
            ],

"duration_legend_data" : ["30~60min","60~90min","90~120min","120~240min","240~360min","360~480min",">=480min"],

"duration_data" : [100,200,300,400,300,200,200],

"line_data" : [200209,113069,81467,76773,77311,90192,148881,268449,347549,419247,435820,427623,444403,456602,446274,449441,452377,458870,465779,414434,365005,313112,245890,167611],
"line_data2" : [59161,53677,53646,52989,52928,56001,63875,77545,80104,82924,83329,84503,82756,86573,84781,86576,86150,87734,85908,81996,80377,75742,70707,62811]}
